frame_index,timestamp_ms,frame_status,pose_present,landmark_id,landmark_name,x_norm,y_norm,z_relative,visibility,presence,landmark_reliable,world_x,world_y,world_z,hip_relative_x_norm,hip_relative_y_norm,hip_relative_z_norm,torso_scale_m
0,0,NO_POSE,0,0,nose,,,,,,,,,,,,,
0,0,NO_POSE,0,1,left_eye_inner,,,,,,,,,,,,,
0,0,NO_POSE,0,2,left_eye,,,,,,,,,,,,,
0,0,NO_POSE,0,3,left_eye_outer,,,,,,,,,,,,,
0,0,NO_POSE,0,4,right_eye_inner,,,,,,,,,,,,,
0,0,NO_POSE,0,5,right_eye,,,,,,,,,,,,,
0,0,NO_POSE,0,6,right_eye_outer,,,,,,,,,,,,,
0,0,NO_POSE,0,7,left_ear,,,,,,,,,,,,,
0,0,NO_POSE,0,8,right_ear,,,,,,,,,,,,,
0,0,NO_POSE,0,9,mouth_left,,,,,,,,,,,,,
0,0,NO_POSE,0,10,mouth_right,,,,,,,,,,,,,
0,0,NO_POSE,0,11,left_shoulder,,,,,,,,,,,,,
0,0,NO_POSE,0,12,right_shoulder,,,,,,,,,,,,,
0,0,NO_POSE,0,13,left_elbow,,,,,,,,,,,,,
0,0,NO_POSE,0,14,right_elbow,,,,,,,,,,,,,
0,0,NO_POSE,0,15,left_wrist,,,,,,,,,,,,,
0,0,NO_POSE,0,16,right_wrist,,,,,,,,,,,,,
0,0,NO_POSE,0,17,left_pinky,,,,,,,,,,,,,
0,0,NO_POSE,0,18,right_pinky,,,,,,,,,,,,,
0,0,NO_POSE,0,19,left_index,,,,,,,,,,,,,
0,0,NO_POSE,0,20,right_index,,,,,,,,,,,,,
0,0,NO_POSE,0,21,left_thumb,,,,,,,,,,,,,
0,0,NO_POSE,0,22,right_thumb,,,,,,,,,,,,,
0,0,NO_POSE,0,23,left_hip,,,,,,,,,,,,,
0,0,NO_POSE,0,24,right_hip,,,,,,,,,,,,,
0,0,NO_POSE,0,25,left_knee,,,,,,,,,,,,,
0,0,NO_POSE,0,26,right_knee,,,,,,,,,,,,,
0,0,NO_POSE,0,27,left_ankle,,,,,,,,,,,,,
0,0,NO_POSE,0,28,right_ankle,,,,,,,,,,,,,
0,0,NO_POSE,0,29,left_heel,,,,,,,,,,,,,
0,0,NO_POSE,0,30,right_heel,,,,,,,,,,,,,
0,0,NO_POSE,0,31,left_foot_index,,,,,,,,,,,,,
0,0,NO_POSE,0,32,right_foot_index,,,,,,,,,,,,,
1,33,NO_POSE,0,0,nose,,,,,,,,,,,,,
1,33,NO_POSE,0,1,left_eye_inner,,,,,,,,,,,,,
1,33,NO_POSE,0,2,left_eye,,,,,,,,,,,,,
1,33,NO_POSE,0,3,left_eye_outer,,,,,,,,,,,,,
1,33,NO_POSE,0,4,right_eye_inner,,,,,,,,,,,,,
1,33,NO_POSE,0,5,right_eye,,,,,,,,,,,,,
1,33,NO_POSE,0,6,right_eye_outer,,,,,,,,,,,,,
1,33,NO_POSE,0,7,left_ear,,,,,,,,,,,,,
1,33,NO_POSE,0,8,right_ear,,,,,,,,,,,,,
1,33,NO_POSE,0,9,mouth_left,,,,,,,,,,,,,
1,33,NO_POSE,0,10,mouth_right,,,,,,,,,,,,,
1,33,NO_POSE,0,11,left_shoulder,,,,,,,,,,,,,
1,33,NO_POSE,0,12,right_shoulder,,,,,,,,,,,,,
1,33,NO_POSE,0,13,left_elbow,,,,,,,,,,,,,
1,33,NO_POSE,0,14,right_elbow,,,,,,,,,,,,,
1,33,NO_POSE,0,15,left_wrist,,,,,,,,,,,,,
1,33,NO_POSE,0,16,right_wrist,,,,,,,,,,,,,
1,33,NO_POSE,0,17,left_pinky,,,,,,,,,,,,,
1,33,NO_POSE,0,18,right_pinky,,,,,,,,,,,,,
1,33,NO_POSE,0,19,left_index,,,,,,,,,,,,,
1,33,NO_POSE,0,20,right_index,,,,,,,,,,,,,
1,33,NO_POSE,0,21,left_thumb,,,,,,,,,,,,,
1,33,NO_POSE,0,22,right_thumb,,,,,,,,,,,,,
1,33,NO_POSE,0,23,left_hip,,,,,,,,,,,,,
1,33,NO_POSE,0,24,right_hip,,,,,,,,,,,,,
1,33,NO_POSE,0,25,left_knee,,,,,,,,,,,,,
1,33,NO_POSE,0,26,right_knee,,,,,,,,,,,,,
1,33,NO_POSE,0,27,left_ankle,,,,,,,,,,,,,
1,33,NO_POSE,0,28,right_ankle,,,,,,,,,,,,,
1,33,NO_POSE,0,29,left_heel,,,,,,,,,,,,,
1,33,NO_POSE,0,30,right_heel,,,,,,,,,,,,,
1,33,NO_POSE,0,31,left_foot_index,,,,,,,,,,,,,
1,33,NO_POSE,0,32,right_foot_index,,,,,,,,,,,,,
2,67,NO_POSE,0,0,nose,,,,,,,,,,,,,
2,67,NO_POSE,0,1,left_eye_inner,,,,,,,,,,,,,
2,67,NO_POSE,0,2,left_eye,,,,,,,,,,,,,
2,67,NO_POSE,0,3,left_eye_outer,,,,,,,,,,,,,
2,67,NO_POSE,0,4,right_eye_inner,,,,,,,,,,,,,
2,67,NO_POSE,0,5,right_eye,,,,,,,,,,,,,
2,67,NO_POSE,0,6,right_eye_outer,,,,,,,,,,,,,
2,67,NO_POSE,0,7,left_ear,,,,,,,,,,,,,
2,67,NO_POSE,0,8,right_ear,,,,,,,,,,,,,
2,67,NO_POSE,0,9,mouth_left,,,,,,,,,,,,,
2,67,NO_POSE,0,10,mouth_right,,,,,,,,,,,,,
2,67,NO_POSE,0,11,left_shoulder,,,,,,,,,,,,,
2,67,NO_POSE,0,12,right_shoulder,,,,,,,,,,,,,
2,67,NO_POSE,0,13,left_elbow,,,,,,,,,,,,,
2,67,NO_POSE,0,14,right_elbow,,,,,,,,,,,,,
2,67,NO_POSE,0,15,left_wrist,,,,,,,,,,,,,
2,67,NO_POSE,0,16,right_wrist,,,,,,,,,,,,,
2,67,NO_POSE,0,17,left_pinky,,,,,,,,,,,,,
2,67,NO_POSE,0,18,right_pinky,,,,,,,,,,,,,
2,67,NO_POSE,0,19,left_index,,,,,,,,,,,,,
2,67,NO_POSE,0,20,right_index,,,,,,,,,,,,,
2,67,NO_POSE,0,21,left_thumb,,,,,,,,,,,,,
2,67,NO_POSE,0,22,right_thumb,,,,,,,,,,,,,
2,67,NO_POSE,0,23,left_hip,,,,,,,,,,,,,
2,67,NO_POSE,0,24,right_hip,,,,,,,,,,,,,
2,67,NO_POSE,0,25,left_knee,,,,,,,,,,,,,
2,67,NO_POSE,0,26,right_knee,,,,,,,,,,,,,
2,67,NO_POSE,0,27,left_ankle,,,,,,,,,,,,,
2,67,NO_POSE,0,28,right_ankle,,,,,,,,,,,,,
2,67,NO_POSE,0,29,left_heel,,,,,,,,,,,,,
2,67,NO_POSE,0,30,right_heel,,,,,,,,,,,,,
2,67,NO_POSE,0,31,left_foot_index,,,,,,,,,,,,,
2,67,NO_POSE,0,32,right_foot_index,,,,,,,,,,,,,
3,100,NO_POSE,0,0,nose,,,,,,,,,,,,,
3,100,NO_POSE,0,1,left_eye_inner,,,,,,,,,,,,,
3,100,NO_POSE,0,2,left_eye,,,,,,,,,,,,,
3,100,NO_POSE,0,3,left_eye_outer,,,,,,,,,,,,,
3,100,NO_POSE,0,4,right_eye_inner,,,,,,,,,,,,,
3,100,NO_POSE,0,5,right_eye,,,,,,,,,,,,,
3,100,NO_POSE,0,6,right_eye_outer,,,,,,,,,,,,,
3,100,NO_POSE,0,7,left_ear,,,,,,,,,,,,,
3,100,NO_POSE,0,8,right_ear,,,,,,,,,,,,,
3,100,NO_POSE,0,9,mouth_left,,,,,,,,,,,,,
3,100,NO_POSE,0,10,mouth_right,,,,,,,,,,,,,
3,100,NO_POSE,0,11,left_shoulder,,,,,,,,,,,,,
3,100,NO_POSE,0,12,right_shoulder,,,,,,,,,,,,,
3,100,NO_POSE,0,13,left_elbow,,,,,,,,,,,,,
3,100,NO_POSE,0,14,right_elbow,,,,,,,,,,,,,
3,100,NO_POSE,0,15,left_wrist,,,,,,,,,,,,,
3,100,NO_POSE,0,16,right_wrist,,,,,,,,,,,,,
3,100,NO_POSE,0,17,left_pinky,,,,,,,,,,,,,
3,100,NO_POSE,0,18,right_pinky,,,,,,,,,,,,,
3,100,NO_POSE,0,19,left_index,,,,,,,,,,,,,
3,100,NO_POSE,0,20,right_index,,,,,,,,,,,,,
3,100,NO_POSE,0,21,left_thumb,,,,,,,,,,,,,
3,100,NO_POSE,0,22,right_thumb,,,,,,,,,,,,,
3,100,NO_POSE,0,23,left_hip,,,,,,,,,,,,,
3,100,NO_POSE,0,24,right_hip,,,,,,,,,,,,,
3,100,NO_POSE,0,25,left_knee,,,,,,,,,,,,,
3,100,NO_POSE,0,26,right_knee,,,,,,,,,,,,,
3,100,NO_POSE,0,27,left_ankle,,,,,,,,,,,,,
3,100,NO_POSE,0,28,right_ankle,,,,,,,,,,,,,
3,100,NO_POSE,0,29,left_heel,,,,,,,,,,,,,
3,100,NO_POSE,0,30,right_heel,,,,,,,,,,,,,
3,100,NO_POSE,0,31,left_foot_index,,,,,,,,,,,,,
3,100,NO_POSE,0,32,right_foot_index,,,,,,,,,,,,,
4,133,NO_POSE,0,0,nose,,,,,,,,,,,,,
4,133,NO_POSE,0,1,left_eye_inner,,,,,,,,,,,,,
4,133,NO_POSE,0,2,left_eye,,,,,,,,,,,,,
4,133,NO_POSE,0,3,left_eye_outer,,,,,,,,,,,,,
4,133,NO_POSE,0,4,right_eye_inner,,,,,,,,,,,,,
4,133,NO_POSE,0,5,right_eye,,,,,,,,,,,,,
4,133,NO_POSE,0,6,right_eye_outer,,,,,,,,,,,,,
4,133,NO_POSE,0,7,left_ear,,,,,,,,,,,,,
4,133,NO_POSE,0,8,right_ear,,,,,,,,,,,,,
4,133,NO_POSE,0,9,mouth_left,,,,,,,,,,,,,
4,133,NO_POSE,0,10,mouth_right,,,,,,,,,,,,,
4,133,NO_POSE,0,11,left_shoulder,,,,,,,,,,,,,
4,133,NO_POSE,0,12,right_shoulder,,,,,,,,,,,,,
4,133,NO_POSE,0,13,left_elbow,,,,,,,,,,,,,
4,133,NO_POSE,0,14,right_elbow,,,,,,,,,,,,,
4,133,NO_POSE,0,15,left_wrist,,,,,,,,,,,,,
4,133,NO_POSE,0,16,right_wrist,,,,,,,,,,,,,
4,133,NO_POSE,0,17,left_pinky,,,,,,,,,,,,,
4,133,NO_POSE,0,18,right_pinky,,,,,,,,,,,,,
4,133,NO_POSE,0,19,left_index,,,,,,,,,,,,,
4,133,NO_POSE,0,20,right_index,,,,,,,,,,,,,
4,133,NO_POSE,0,21,left_thumb,,,,,,,,,,,,,
4,133,NO_POSE,0,22,right_thumb,,,,,,,,,,,,,
4,133,NO_POSE,0,23,left_hip,,,,,,,,,,,,,
4,133,NO_POSE,0,24,right_hip,,,,,,,,,,,,,
4,133,NO_POSE,0,25,left_knee,,,,,,,,,,,,,
4,133,NO_POSE,0,26,right_knee,,,,,,,,,,,,,
4,133,NO_POSE,0,27,left_ankle,,,,,,,,,,,,,
4,133,NO_POSE,0,28,right_ankle,,,,,,,,,,,,,
4,133,NO_POSE,0,29,left_heel,,,,,,,,,,,,,
4,133,NO_POSE,0,30,right_heel,,,,,,,,,,,,,
4,133,NO_POSE,0,31,left_foot_index,,,,,,,,,,,,,
4,133,NO_POSE,0,32,right_foot_index,,,,,,,,,,,,,
5,167,NO_POSE,0,0,nose,,,,,,,,,,,,,
5,167,NO_POSE,0,1,left_eye_inner,,,,,,,,,,,,,
5,167,NO_POSE,0,2,left_eye,,,,,,,,,,,,,
5,167,NO_POSE,0,3,left_eye_outer,,,,,,,,,,,,,
5,167,NO_POSE,0,4,right_eye_inner,,,,,,,,,,,,,
5,167,NO_POSE,0,5,right_eye,,,,,,,,,,,,,
5,167,NO_POSE,0,6,right_eye_outer,,,,,,,,,,,,,
5,167,NO_POSE,0,7,left_ear,,,,,,,,,,,,,
5,167,NO_POSE,0,8,right_ear,,,,,,,,,,,,,
5,167,NO_POSE,0,9,mouth_left,,,,,,,,,,,,,
5,167,NO_POSE,0,10,mouth_right,,,,,,,,,,,,,
5,167,NO_POSE,0,11,left_shoulder,,,,,,,,,,,,,
5,167,NO_POSE,0,12,right_shoulder,,,,,,,,,,,,,
5,167,NO_POSE,0,13,left_elbow,,,,,,,,,,,,,
5,167,NO_POSE,0,14,right_elbow,,,,,,,,,,,,,
5,167,NO_POSE,0,15,left_wrist,,,,,,,,,,,,,
5,167,NO_POSE,0,16,right_wrist,,,,,,,,,,,,,
5,167,NO_POSE,0,17,left_pinky,,,,,,,,,,,,,
5,167,NO_POSE,0,18,right_pinky,,,,,,,,,,,,,
5,167,NO_POSE,0,19,left_index,,,,,,,,,,,,,
5,167,NO_POSE,0,20,right_index,,,,,,,,,,,,,
5,167,NO_POSE,0,21,left_thumb,,,,,,,,,,,,,
5,167,NO_POSE,0,22,right_thumb,,,,,,,,,,,,,
5,167,NO_POSE,0,23,left_hip,,,,,,,,,,,,,
5,167,NO_POSE,0,24,right_hip,,,,,,,,,,,,,
5,167,NO_POSE,0,25,left_knee,,,,,,,,,,,,,
5,167,NO_POSE,0,26,right_knee,,,,,,,,,,,,,
5,167,NO_POSE,0,27,left_ankle,,,,,,,,,,,,,
5,167,NO_POSE,0,28,right_ankle,,,,,,,,,,,,,
5,167,NO_POSE,0,29,left_heel,,,,,,,,,,,,,
5,167,NO_POSE,0,30,right_heel,,,,,,,,,,,,,
5,167,NO_POSE,0,31,left_foot_index,,,,,,,,,,,,,
5,167,NO_POSE,0,32,right_foot_index,,,,,,,,,,,,,
6,200,NO_POSE,0,0,nose,,,,,,,,,,,,,
6,200,NO_POSE,0,1,left_eye_inner,,,,,,,,,,,,,
6,200,NO_POSE,0,2,left_eye,,,,,,,,,,,,,
6,200,NO_POSE,0,3,left_eye_outer,,,,,,,,,,,,,
6,200,NO_POSE,0,4,right_eye_inner,,,,,,,,,,,,,
6,200,NO_POSE,0,5,right_eye,,,,,,,,,,,,,
6,200,NO_POSE,0,6,right_eye_outer,,,,,,,,,,,,,
6,200,NO_POSE,0,7,left_ear,,,,,,,,,,,,,
6,200,NO_POSE,0,8,right_ear,,,,,,,,,,,,,
6,200,NO_POSE,0,9,mouth_left,,,,,,,,,,,,,
6,200,NO_POSE,0,10,mouth_right,,,,,,,,,,,,,
6,200,NO_POSE,0,11,left_shoulder,,,,,,,,,,,,,
6,200,NO_POSE,0,12,right_shoulder,,,,,,,,,,,,,
6,200,NO_POSE,0,13,left_elbow,,,,,,,,,,,,,
6,200,NO_POSE,0,14,right_elbow,,,,,,,,,,,,,
6,200,NO_POSE,0,15,left_wrist,,,,,,,,,,,,,
6,200,NO_POSE,0,16,right_wrist,,,,,,,,,,,,,
6,200,NO_POSE,0,17,left_pinky,,,,,,,,,,,,,
6,200,NO_POSE,0,18,right_pinky,,,,,,,,,,,,,
6,200,NO_POSE,0,19,left_index,,,,,,,,,,,,,
6,200,NO_POSE,0,20,right_index,,,,,,,,,,,,,
6,200,NO_POSE,0,21,left_thumb,,,,,,,,,,,,,
6,200,NO_POSE,0,22,right_thumb,,,,,,,,,,,,,
6,200,NO_POSE,0,23,left_hip,,,,,,,,,,,,,
6,200,NO_POSE,0,24,right_hip,,,,,,,,,,,,,
6,200,NO_POSE,0,25,left_knee,,,,,,,,,,,,,
6,200,NO_POSE,0,26,right_knee,,,,,,,,,,,,,
6,200,NO_POSE,0,27,left_ankle,,,,,,,,,,,,,
6,200,NO_POSE,0,28,right_ankle,,,,,,,,,,,,,
6,200,NO_POSE,0,29,left_heel,,,,,,,,,,,,,
6,200,NO_POSE,0,30,right_heel,,,,,,,,,,,,,
6,200,NO_POSE,0,31,left_foot_index,,,,,,,,,,,,,
6,200,NO_POSE,0,32,right_foot_index,,,,,,,,,,,,,
7,233,NO_POSE,0,0,nose,,,,,,,,,,,,,
7,233,NO_POSE,0,1,left_eye_inner,,,,,,,,,,,,,
7,233,NO_POSE,0,2,left_eye,,,,,,,,,,,,,
7,233,NO_POSE,0,3,left_eye_outer,,,,,,,,,,,,,
7,233,NO_POSE,0,4,right_eye_inner,,,,,,,,,,,,,
7,233,NO_POSE,0,5,right_eye,,,,,,,,,,,,,
7,233,NO_POSE,0,6,right_eye_outer,,,,,,,,,,,,,
7,233,NO_POSE,0,7,left_ear,,,,,,,,,,,,,
7,233,NO_POSE,0,8,right_ear,,,,,,,,,,,,,
7,233,NO_POSE,0,9,mouth_left,,,,,,,,,,,,,
7,233,NO_POSE,0,10,mouth_right,,,,,,,,,,,,,
7,233,NO_POSE,0,11,left_shoulder,,,,,,,,,,,,,
7,233,NO_POSE,0,12,right_shoulder,,,,,,,,,,,,,
7,233,NO_POSE,0,13,left_elbow,,,,,,,,,,,,,
7,233,NO_POSE,0,14,right_elbow,,,,,,,,,,,,,
7,233,NO_POSE,0,15,left_wrist,,,,,,,,,,,,,
7,233,NO_POSE,0,16,right_wrist,,,,,,,,,,,,,
7,233,NO_POSE,0,17,left_pinky,,,,,,,,,,,,,
7,233,NO_POSE,0,18,right_pinky,,,,,,,,,,,,,
7,233,NO_POSE,0,19,left_index,,,,,,,,,,,,,
7,233,NO_POSE,0,20,right_index,,,,,,,,,,,,,
7,233,NO_POSE,0,21,left_thumb,,,,,,,,,,,,,
7,233,NO_POSE,0,22,right_thumb,,,,,,,,,,,,,
7,233,NO_POSE,0,23,left_hip,,,,,,,,,,,,,
7,233,NO_POSE,0,24,right_hip,,,,,,,,,,,,,
7,233,NO_POSE,0,25,left_knee,,,,,,,,,,,,,
7,233,NO_POSE,0,26,right_knee,,,,,,,,,,,,,
7,233,NO_POSE,0,27,left_ankle,,,,,,,,,,,,,
7,233,NO_POSE,0,28,right_ankle,,,,,,,,,,,,,
7,233,NO_POSE,0,29,left_heel,,,,,,,,,,,,,
7,233,NO_POSE,0,30,right_heel,,,,,,,,,,,,,
7,233,NO_POSE,0,31,left_foot_index,,,,,,,,,,,,,
7,233,NO_POSE,0,32,right_foot_index,,,,,,,,,,,,,
8,267,NO_POSE,0,0,nose,,,,,,,,,,,,,
8,267,NO_POSE,0,1,left_eye_inner,,,,,,,,,,,,,
8,267,NO_POSE,0,2,left_eye,,,,,,,,,,,,,
8,267,NO_POSE,0,3,left_eye_outer,,,,,,,,,,,,,
8,267,NO_POSE,0,4,right_eye_inner,,,,,,,,,,,,,
8,267,NO_POSE,0,5,right_eye,,,,,,,,,,,,,
8,267,NO_POSE,0,6,right_eye_outer,,,,,,,,,,,,,
8,267,NO_POSE,0,7,left_ear,,,,,,,,,,,,,
8,267,NO_POSE,0,8,right_ear,,,,,,,,,,,,,
8,267,NO_POSE,0,9,mouth_left,,,,,,,,,,,,,
8,267,NO_POSE,0,10,mouth_right,,,,,,,,,,,,,
8,267,NO_POSE,0,11,left_shoulder,,,,,,,,,,,,,
8,267,NO_POSE,0,12,right_shoulder,,,,,,,,,,,,,
8,267,NO_POSE,0,13,left_elbow,,,,,,,,,,,,,
8,267,NO_POSE,0,14,right_elbow,,,,,,,,,,,,,
8,267,NO_POSE,0,15,left_wrist,,,,,,,,,,,,,
8,267,NO_POSE,0,16,right_wrist,,,,,,,,,,,,,
8,267,NO_POSE,0,17,left_pinky,,,,,,,,,,,,,
8,267,NO_POSE,0,18,right_pinky,,,,,,,,,,,,,
8,267,NO_POSE,0,19,left_index,,,,,,,,,,,,,
8,267,NO_POSE,0,20,right_index,,,,,,,,,,,,,
8,267,NO_POSE,0,21,left_thumb,,,,,,,,,,,,,
8,267,NO_POSE,0,22,right_thumb,,,,,,,,,,,,,
8,267,NO_POSE,0,23,left_hip,,,,,,,,,,,,,
8,267,NO_POSE,0,24,right_hip,,,,,,,,,,,,,
8,267,NO_POSE,0,25,left_knee,,,,,,,,,,,,,
8,267,NO_POSE,0,26,right_knee,,,,,,,,,,,,,
8,267,NO_POSE,0,27,left_ankle,,,,,,,,,,,,,
8,267,NO_POSE,0,28,right_ankle,,,,,,,,,,,,,
8,267,NO_POSE,0,29,left_heel,,,,,,,,,,,,,
8,267,NO_POSE,0,30,right_heel,,,,,,,,,,,,,
8,267,NO_POSE,0,31,left_foot_index,,,,,,,,,,,,,
8,267,NO_POSE,0,32,right_foot_index,,,,,,,,,,,,,
9,300,NO_POSE,0,0,nose,,,,,,,,,,,,,
9,300,NO_POSE,0,1,left_eye_inner,,,,,,,,,,,,,
9,300,NO_POSE,0,2,left_eye,,,,,,,,,,,,,
9,300,NO_POSE,0,3,left_eye_outer,,,,,,,,,,,,,
9,300,NO_POSE,0,4,right_eye_inner,,,,,,,,,,,,,
9,300,NO_POSE,0,5,right_eye,,,,,,,,,,,,,
9,300,NO_POSE,0,6,right_eye_outer,,,,,,,,,,,,,
9,300,NO_POSE,0,7,left_ear,,,,,,,,,,,,,
9,300,NO_POSE,0,8,right_ear,,,,,,,,,,,,,
9,300,NO_POSE,0,9,mouth_left,,,,,,,,,,,,,
9,300,NO_POSE,0,10,mouth_right,,,,,,,,,,,,,
9,300,NO_POSE,0,11,left_shoulder,,,,,,,,,,,,,
9,300,NO_POSE,0,12,right_shoulder,,,,,,,,,,,,,
9,300,NO_POSE,0,13,left_elbow,,,,,,,,,,,,,
9,300,NO_POSE,0,14,right_elbow,,,,,,,,,,,,,
9,300,NO_POSE,0,15,left_wrist,,,,,,,,,,,,,
9,300,NO_POSE,0,16,right_wrist,,,,,,,,,,,,,
9,300,NO_POSE,0,17,left_pinky,,,,,,,,,,,,,
9,300,NO_POSE,0,18,right_pinky,,,,,,,,,,,,,
9,300,NO_POSE,0,19,left_index,,,,,,,,,,,,,
9,300,NO_POSE,0,20,right_index,,,,,,,,,,,,,
9,300,NO_POSE,0,21,left_thumb,,,,,,,,,,,,,
9,300,NO_POSE,0,22,right_thumb,,,,,,,,,,,,,
9,300,NO_POSE,0,23,left_hip,,,,,,,,,,,,,
9,300,NO_POSE,0,24,right_hip,,,,,,,,,,,,,
9,300,NO_POSE,0,25,left_knee,,,,,,,,,,,,,
9,300,NO_POSE,0,26,right_knee,,,,,,,,,,,,,
9,300,NO_POSE,0,27,left_ankle,,,,,,,,,,,,,
9,300,NO_POSE,0,28,right_ankle,,,,,,,,,,,,,
9,300,NO_POSE,0,29,left_heel,,,,,,,,,,,,,
9,300,NO_POSE,0,30,right_heel,,,,,,,,,,,,,
9,300,NO_POSE,0,31,left_foot_index,,,,,,,,,,,,,
9,300,NO_POSE,0,32,right_foot_index,,,,,,,,,,,,,
10,333,NO_POSE,0,0,nose,,,,,,,,,,,,,
10,333,NO_POSE,0,1,left_eye_inner,,,,,,,,,,,,,
10,333,NO_POSE,0,2,left_eye,,,,,,,,,,,,,
10,333,NO_POSE,0,3,left_eye_outer,,,,,,,,,,,,,
10,333,NO_POSE,0,4,right_eye_inner,,,,,,,,,,,,,
10,333,NO_POSE,0,5,right_eye,,,,,,,,,,,,,
10,333,NO_POSE,0,6,right_eye_outer,,,,,,,,,,,,,
10,333,NO_POSE,0,7,left_ear,,,,,,,,,,,,,
10,333,NO_POSE,0,8,right_ear,,,,,,,,,,,,,
10,333,NO_POSE,0,9,mouth_left,,,,,,,,,,,,,
10,333,NO_POSE,0,10,mouth_right,,,,,,,,,,,,,
10,333,NO_POSE,0,11,left_shoulder,,,,,,,,,,,,,
10,333,NO_POSE,0,12,right_shoulder,,,,,,,,,,,,,
10,333,NO_POSE,0,13,left_elbow,,,,,,,,,,,,,
10,333,NO_POSE,0,14,right_elbow,,,,,,,,,,,,,
10,333,NO_POSE,0,15,left_wrist,,,,,,,,,,,,,
10,333,NO_POSE,0,16,right_wrist,,,,,,,,,,,,,
10,333,NO_POSE,0,17,left_pinky,,,,,,,,,,,,,
10,333,NO_POSE,0,18,right_pinky,,,,,,,,,,,,,
10,333,NO_POSE,0,19,left_index,,,,,,,,,,,,,
10,333,NO_POSE,0,20,right_index,,,,,,,,,,,,,
10,333,NO_POSE,0,21,left_thumb,,,,,,,,,,,,,
10,333,NO_POSE,0,22,right_thumb,,,,,,,,,,,,,
10,333,NO_POSE,0,23,left_hip,,,,,,,,,,,,,
10,333,NO_POSE,0,24,right_hip,,,,,,,,,,,,,
10,333,NO_POSE,0,25,left_knee,,,,,,,,,,,,,
10,333,NO_POSE,0,26,right_knee,,,,,,,,,,,,,
10,333,NO_POSE,0,27,left_ankle,,,,,,,,,,,,,
10,333,NO_POSE,0,28,right_ankle,,,,,,,,,,,,,
10,333,NO_POSE,0,29,left_heel,,,,,,,,,,,,,
10,333,NO_POSE,0,30,right_heel,,,,,,,,,,,,,
10,333,NO_POSE,0,31,left_foot_index,,,,,,,,,,,,,
10,333,NO_POSE,0,32,right_foot_index,,,,,,,,,,,,,
11,367,NO_POSE,0,0,nose,,,,,,,,,,,,,
11,367,NO_POSE,0,1,left_eye_inner,,,,,,,,,,,,,
11,367,NO_POSE,0,2,left_eye,,,,,,,,,,,,,
11,367,NO_POSE,0,3,left_eye_outer,,,,,,,,,,,,,
11,367,NO_POSE,0,4,right_eye_inner,,,,,,,,,,,,,
11,367,NO_POSE,0,5,right_eye,,,,,,,,,,,,,
11,367,NO_POSE,0,6,right_eye_outer,,,,,,,,,,,,,
11,367,NO_POSE,0,7,left_ear,,,,,,,,,,,,,
11,367,NO_POSE,0,8,right_ear,,,,,,,,,,,,,
11,367,NO_POSE,0,9,mouth_left,,,,,,,,,,,,,
11,367,NO_POSE,0,10,mouth_right,,,,,,,,,,,,,
11,367,NO_POSE,0,11,left_shoulder,,,,,,,,,,,,,
11,367,NO_POSE,0,12,right_shoulder,,,,,,,,,,,,,
11,367,NO_POSE,0,13,left_elbow,,,,,,,,,,,,,
11,367,NO_POSE,0,14,right_elbow,,,,,,,,,,,,,
11,367,NO_POSE,0,15,left_wrist,,,,,,,,,,,,,
11,367,NO_POSE,0,16,right_wrist,,,,,,,,,,,,,
11,367,NO_POSE,0,17,left_pinky,,,,,,,,,,,,,
11,367,NO_POSE,0,18,right_pinky,,,,,,,,,,,,,
11,367,NO_POSE,0,19,left_index,,,,,,,,,,,,,
11,367,NO_POSE,0,20,right_index,,,,,,,,,,,,,
11,367,NO_POSE,0,21,left_thumb,,,,,,,,,,,,,
11,367,NO_POSE,0,22,right_thumb,,,,,,,,,,,,,
11,367,NO_POSE,0,23,left_hip,,,,,,,,,,,,,
11,367,NO_POSE,0,24,right_hip,,,,,,,,,,,,,
11,367,NO_POSE,0,25,left_knee,,,,,,,,,,,,,
11,367,NO_POSE,0,26,right_knee,,,,,,,,,,,,,
11,367,NO_POSE,0,27,left_ankle,,,,,,,,,,,,,
11,367,NO_POSE,0,28,right_ankle,,,,,,,,,,,,,
11,367,NO_POSE,0,29,left_heel,,,,,,,,,,,,,
11,367,NO_POSE,0,30,right_heel,,,,,,,,,,,,,
11,367,NO_POSE,0,31,left_foot_index,,,,,,,,,,,,,
11,367,NO_POSE,0,32,right_foot_index,,,,,,,,,,,,,
12,400,NO_POSE,0,0,nose,,,,,,,,,,,,,
12,400,NO_POSE,0,1,left_eye_inner,,,,,,,,,,,,,
12,400,NO_POSE,0,2,left_eye,,,,,,,,,,,,,
12,400,NO_POSE,0,3,left_eye_outer,,,,,,,,,,,,,
12,400,NO_POSE,0,4,right_eye_inner,,,,,,,,,,,,,
12,400,NO_POSE,0,5,right_eye,,,,,,,,,,,,,
12,400,NO_POSE,0,6,right_eye_outer,,,,,,,,,,,,,
12,400,NO_POSE,0,7,left_ear,,,,,,,,,,,,,
12,400,NO_POSE,0,8,right_ear,,,,,,,,,,,,,
12,400,NO_POSE,0,9,mouth_left,,,,,,,,,,,,,
12,400,NO_POSE,0,10,mouth_right,,,,,,,,,,,,,
12,400,NO_POSE,0,11,left_shoulder,,,,,,,,,,,,,
12,400,NO_POSE,0,12,right_shoulder,,,,,,,,,,,,,
12,400,NO_POSE,0,13,left_elbow,,,,,,,,,,,,,
12,400,NO_POSE,0,14,right_elbow,,,,,,,,,,,,,
12,400,NO_POSE,0,15,left_wrist,,,,,,,,,,,,,
12,400,NO_POSE,0,16,right_wrist,,,,,,,,,,,,,
12,400,NO_POSE,0,17,left_pinky,,,,,,,,,,,,,
12,400,NO_POSE,0,18,right_pinky,,,,,,,,,,,,,
12,400,NO_POSE,0,19,left_index,,,,,,,,,,,,,
12,400,NO_POSE,0,20,right_index,,,,,,,,,,,,,
12,400,NO_POSE,0,21,left_thumb,,,,,,,,,,,,,
12,400,NO_POSE,0,22,right_thumb,,,,,,,,,,,,,
12,400,NO_POSE,0,23,left_hip,,,,,,,,,,,,,
12,400,NO_POSE,0,24,right_hip,,,,,,,,,,,,,
12,400,NO_POSE,0,25,left_knee,,,,,,,,,,,,,
12,400,NO_POSE,0,26,right_knee,,,,,,,,,,,,,
12,400,NO_POSE,0,27,left_ankle,,,,,,,,,,,,,
12,400,NO_POSE,0,28,right_ankle,,,,,,,,,,,,,
12,400,NO_POSE,0,29,left_heel,,,,,,,,,,,,,
12,400,NO_POSE,0,30,right_heel,,,,,,,,,,,,,
12,400,NO_POSE,0,31,left_foot_index,,,,,,,,,,,,,
12,400,NO_POSE,0,32,right_foot_index,,,,,,,,,,,,,
13,433,NO_POSE,0,0,nose,,,,,,,,,,,,,
13,433,NO_POSE,0,1,left_eye_inner,,,,,,,,,,,,,
13,433,NO_POSE,0,2,left_eye,,,,,,,,,,,,,
13,433,NO_POSE,0,3,left_eye_outer,,,,,,,,,,,,,
13,433,NO_POSE,0,4,right_eye_inner,,,,,,,,,,,,,
13,433,NO_POSE,0,5,right_eye,,,,,,,,,,,,,
13,433,NO_POSE,0,6,right_eye_outer,,,,,,,,,,,,,
13,433,NO_POSE,0,7,left_ear,,,,,,,,,,,,,
13,433,NO_POSE,0,8,right_ear,,,,,,,,,,,,,
13,433,NO_POSE,0,9,mouth_left,,,,,,,,,,,,,
13,433,NO_POSE,0,10,mouth_right,,,,,,,,,,,,,
13,433,NO_POSE,0,11,left_shoulder,,,,,,,,,,,,,
13,433,NO_POSE,0,12,right_shoulder,,,,,,,,,,,,,
13,433,NO_POSE,0,13,left_elbow,,,,,,,,,,,,,
13,433,NO_POSE,0,14,right_elbow,,,,,,,,,,,,,
13,433,NO_POSE,0,15,left_wrist,,,,,,,,,,,,,
13,433,NO_POSE,0,16,right_wrist,,,,,,,,,,,,,
13,433,NO_POSE,0,17,left_pinky,,,,,,,,,,,,,
13,433,NO_POSE,0,18,right_pinky,,,,,,,,,,,,,
13,433,NO_POSE,0,19,left_index,,,,,,,,,,,,,
13,433,NO_POSE,0,20,right_index,,,,,,,,,,,,,
13,433,NO_POSE,0,21,left_thumb,,,,,,,,,,,,,
13,433,NO_POSE,0,22,right_thumb,,,,,,,,,,,,,
13,433,NO_POSE,0,23,left_hip,,,,,,,,,,,,,
13,433,NO_POSE,0,24,right_hip,,,,,,,,,,,,,
13,433,NO_POSE,0,25,left_knee,,,,,,,,,,,,,
13,433,NO_POSE,0,26,right_knee,,,,,,,,,,,,,
13,433,NO_POSE,0,27,left_ankle,,,,,,,,,,,,,
13,433,NO_POSE,0,28,right_ankle,,,,,,,,,,,,,
13,433,NO_POSE,0,29,left_heel,,,,,,,,,,,,,
13,433,NO_POSE,0,30,right_heel,,,,,,,,,,,,,
13,433,NO_POSE,0,31,left_foot_index,,,,,,,,,,,,,
13,433,NO_POSE,0,32,right_foot_index,,,,,,,,,,,,,
14,467,NO_POSE,0,0,nose,,,,,,,,,,,,,
14,467,NO_POSE,0,1,left_eye_inner,,,,,,,,,,,,,
14,467,NO_POSE,0,2,left_eye,,,,,,,,,,,,,
14,467,NO_POSE,0,3,left_eye_outer,,,,,,,,,,,,,
14,467,NO_POSE,0,4,right_eye_inner,,,,,,,,,,,,,
14,467,NO_POSE,0,5,right_eye,,,,,,,,,,,,,
14,467,NO_POSE,0,6,right_eye_outer,,,,,,,,,,,,,
14,467,NO_POSE,0,7,left_ear,,,,,,,,,,,,,
14,467,NO_POSE,0,8,right_ear,,,,,,,,,,,,,
14,467,NO_POSE,0,9,mouth_left,,,,,,,,,,,,,
14,467,NO_POSE,0,10,mouth_right,,,,,,,,,,,,,
14,467,NO_POSE,0,11,left_shoulder,,,,,,,,,,,,,
14,467,NO_POSE,0,12,right_shoulder,,,,,,,,,,,,,
14,467,NO_POSE,0,13,left_elbow,,,,,,,,,,,,,
14,467,NO_POSE,0,14,right_elbow,,,,,,,,,,,,,
14,467,NO_POSE,0,15,left_wrist,,,,,,,,,,,,,
14,467,NO_POSE,0,16,right_wrist,,,,,,,,,,,,,
14,467,NO_POSE,0,17,left_pinky,,,,,,,,,,,,,
14,467,NO_POSE,0,18,right_pinky,,,,,,,,,,,,,
14,467,NO_POSE,0,19,left_index,,,,,,,,,,,,,
14,467,NO_POSE,0,20,right_index,,,,,,,,,,,,,
14,467,NO_POSE,0,21,left_thumb,,,,,,,,,,,,,
14,467,NO_POSE,0,22,right_thumb,,,,,,,,,,,,,
14,467,NO_POSE,0,23,left_hip,,,,,,,,,,,,,
14,467,NO_POSE,0,24,right_hip,,,,,,,,,,,,,
14,467,NO_POSE,0,25,left_knee,,,,,,,,,,,,,
14,467,NO_POSE,0,26,right_knee,,,,,,,,,,,,,
14,467,NO_POSE,0,27,left_ankle,,,,,,,,,,,,,
14,467,NO_POSE,0,28,right_ankle,,,,,,,,,,,,,
14,467,NO_POSE,0,29,left_heel,,,,,,,,,,,,,
14,467,NO_POSE,0,30,right_heel,,,,,,,,,,,,,
14,467,NO_POSE,0,31,left_foot_index,,,,,,,,,,,,,
14,467,NO_POSE,0,32,right_foot_index,,,,,,,,,,,,,
